[
    {
        "href": "https://catedras.linti.unlp.edu.ar/course/view.php?id=1158",
        "name": "Cátedras Linti"
    },
    {
        "href": "https://discord.gg/29QJq39xpr",
        "name": "Discord"
    },
    {
        "href": "https://lenguajejs.com/javascript/",
        "name": "Js en Español"
    },
    {
        "href": "https://www.w3schools.com/js/default.asp",
        "name": "W3Schools - Js en Ingles"
    },    
    {
        "href": "https://developer.mozilla.org/es/docs/Web/JavaScript",
        "name": "MDN Web Docs - Documentacion JS de Mozilla"
    },
    {
        "href": "https://gitlab.catedras.linti.unlp.edu.ar/js",
        "name": "Gitlab de Cátedras"
    }
]